{
  "Version": 1,
  "Global": true,
  "Presets": {
    "Arcilla azul": {
      "Enabled": true,
      "Wildcard": "rawclay-blue-*",
      "Particles": "Clay blue"
    },
    "Arcilla roja": {
      "Enabled": true,
      "Wildcard": "rawclay-red-*",
      "Particles": "Clay red"
    },
    "Arcilla refractaria": {
      "Enabled": true,
      "Wildcard": "rawclay-fire-*",
      "Particles": "Clay fire"
    },
    "Tierra Preta": {
      "Enabled": true,
      "Wildcard": "soil-high-*",
      "Particles": "Soil high"
    },
    "Suelo de alta fertilidad": {
      "Enabled": true,
      "Wildcard": "soil-compost-*",
      "Particles": "Soil high"
    },
    "Turba": {
      "Enabled": true,
      "Wildcard": "peat-*",
      "Particles": "Soil Smoke"
    },
    "Mineral meteorico": {
      "Enabled": true,
      "Wildcard": "meteorite-iron",
      "Particles": "Meteorite smoke"
    },
    "Mineral cobre": {
      "Enabled": true,
      "Wildcard": "ore-*-nativecopper-*",
      "Particles": "Meteorite smoke"
    },
    "Mineral zinc": {
      "Enabled": true,
      "Wildcard": "ore-*-sphalerite-*",
      "Particles": "Menas Smoke blue"
    },
    "Mineral bismuto": {
      "Enabled": true,
      "Wildcard": "ore-*-bismuthinite-*",
      "Particles": "Menas Smoke green"
    },
    "Mineral hierro": {
      "Enabled": true,
      "Wildcard": "ore-*-magnetite-*",
      "Particles": "Meteorite smoke"
    },
    "Pepita meteorica": {
      "Enabled": true,
      "Wildcard": "*-meteorite-*",
      "Particles": "Meteorite Sparks"
    },
    "Pepita hierro": {
      "Enabled": true,
      "Wildcard": "looseores-magnetite-*",
      "Particles": "Meteorite Sparks"
    },
    "Pepita cobrenativo": {
      "Enabled": true,
      "Wildcard": "looseores-nativecopper-*",
      "Particles": "Meteorite Sparks"
    },
    "Pepita cobre": {
      "Enabled": true,
      "Wildcard": "looseores-malachite-*",
      "Particles": "Brits Sparks blue"
    },
    "Pepita zinc": {
      "Enabled": true,
      "Wildcard": "looseores-sphalerite-*",
      "Particles": "Brits Sparks blue"
    },
    "Pepita bismuto": {
      "Enabled": true,
      "Wildcard": "looseores-bismuthinite-*",
      "Particles": "Brits Sparks green"
    },
    "Resina": {
      "Enabled": true,
      "Wildcard": "log-resin-*",
      "Particles": "Resin Drip 2"
    },
    "Vasijas agrietadas": {
      "Enabled": true,
      "Wildcard": "lootvessel-*",
      "Particles": "Cursed Smoke"
    },
    "Suelo oseo": {
      "Enabled": true,
      "Wildcard": "bonysoil",
      "Particles": "Cursed Smoke"
    }
  },
  "Particles": {
    "Clay blue": [
      {
        "HsvaColor": [
          {
            "offset": 0.0,
            "avg": 130,
            "var": 20,
            "dist": 0
          },
          {
            "offset": 0.0,
            "avg": 255.0,
            "var": 20,
            "dist": 0
          },
          {
            "offset": 0.0,
            "avg": 200,
            "var": 50,
            "dist": 0
          },
          {
            "offset": 0.0,
            "avg": 200.0,
            "var": 50.0,
            "dist": 0
          }
        ],
        "PosOffset": [
          {
            "offset": 0.0,
            "avg": 0.0,
            "var": 0.5,
            "dist": 0
          },
          {
            "offset": 0.0,
            "avg": -0.5,
            "var": 0.0,
            "dist": 0
          },
          {
            "offset": 0.0,
            "avg": 0.0,
            "var": 0.5,
            "dist": 0
          }
        ],
        "RandomVelocityChange": false,
        "DieOnRainHeightmap": false,
        "SecondaryParticles": null,
        "DeathParticles": null,
        "SecondarySpawnInterval": {
          "offset": 0.0,
          "avg": 0.0,
          "var": 0.0,
          "dist": 0
        },
        "Bounciness": 0.0,
        "DieInAir": false,
        "DieInLiquid": false,
        "SwimOnLiquid": false,
        "ColorByBlock": false,
        "OpacityEvolve": {
          "transform": 5,
          "factor": -16.0,
          "maxvalue": null
        },
        "RedEvolve": null,
        "GreenEvolve": null,
        "BlueEvolve": null,
        "GravityEffect": {
          "offset": 0.0,
          "avg": -0.03,
          "var": 0.01,
          "dist": 0
        },
        "LifeLength": {
          "offset": 0.0,
          "avg": 1.0,
          "var": 0.0,
          "dist": 0
        },
        "Quantity": {
          "offset": 0.0,
          "avg": 0.1,
          "var": 0.05,
          "dist": 0
        },
        "Size": {
          "offset": 0.0,
          "avg": 0.4,
          "var": 0.1,
          "dist": 0
        },
        "SizeEvolve": {
          "transform": 5,
          "factor": 1.2,
          "maxvalue": null
        },
        "Velocity": [
          {
            "offset": 0.0,
            "avg": 0.0,
            "var": 0.0,
            "dist": 0
          },
          {
            "offset": 0.0,
            "avg": 0.0,
            "var": 0.2,
            "dist": 0
          },
          {
            "offset": 0.0,
            "avg": 0.0,
            "var": 0.5,
            "dist": 0
          }
        ],
        "VelocityEvolve": null,
        "ParticleModel": 0,
        "VertexFlags": 0,
        "SelfPropelled": false,
        "TerrainCollision": false,
        "WindAffectednes": 1.0
      },
      {
        "HsvaColor": [
          {
            "offset": 0.0,
            "avg": 17.0,
            "var": 0.0,
            "dist": 0
          },
          {
            "offset": 0.0,
            "avg": 255.0,
            "var": 0.0,
            "dist": 0
          },
          {
            "offset": 0.0,
            "avg": 36.0,
            "var": 0.0,
            "dist": 0
          },
          {
            "offset": 0.0,
            "avg": 200.0,
            "var": 50.0,
            "dist": 0
          }
        ],
        "PosOffset": [
          {
            "offset": 0.0,
            "avg": 0.0,
            "var": 0.5,
            "dist": 0
          },
          {
            "offset": 0.0,
            "avg": -0.5,
            "var": 0.0,
            "dist": 0
          },
          {
            "offset": 0.0,
            "avg": 0.0,
            "var": 0.5,
            "dist": 0
          }
        ],
        "RandomVelocityChange": false,
        "DieOnRainHeightmap": false,
        "SecondaryParticles": null,
        "DeathParticles": null,
        "SecondarySpawnInterval": {
          "offset": 0.0,
          "avg": 0.0,
          "var": 0.0,
          "dist": 0
        },
        "Bounciness": 0.0,
        "DieInAir": false,
        "DieInLiquid": false,
        "SwimOnLiquid": false,
        "ColorByBlock": false,
        "OpacityEvolve": {
          "transform": 5,
          "factor": -16.0,
          "maxvalue": null
        },
        "RedEvolve": null,
        "GreenEvolve": null,
        "BlueEvolve": null,
        "GravityEffect": {
          "offset": 0.0,
          "avg": -0.06,
          "var": 0.01,
          "dist": 0
        },
        "LifeLength": {
          "offset": 0.0,
          "avg": 1.0,
          "var": 0.0,
          "dist": 0
        },
        "Quantity": {
          "offset": 0.0,
          "avg": 0.1,
          "var": 0.05,
          "dist": 0
        },
        "Size": {
          "offset": 0.0,
          "avg": 0.4,
          "var": 0.1,
          "dist": 0
        },
        "SizeEvolve": {
          "transform": 5,
          "factor": 1.2,
          "maxvalue": null
        },
        "Velocity": [
          {
            "offset": 0.0,
            "avg": 0.0,
            "var": 0.0,
            "dist": 0
          },
          {
            "offset": 0.0,
            "avg": 0.0,
            "var": 0.2,
            "dist": 0
          },
          {
            "offset": 0.0,
            "avg": 0.0,
            "var": 0.5,
            "dist": 0
          }
        ],
        "VelocityEvolve": null,
        "ParticleModel": 0,
        "VertexFlags": 0,
        "SelfPropelled": false,
        "TerrainCollision": false,
        "WindAffectednes": 1.0
      }
    ],
    "Clay red": [
      {
        "HsvaColor": [
          {
            "offset": 0.0,
            "avg": 0,
            "var": 20,
            "dist": 0
          },
          {
            "offset": 0.0,
            "avg": 255.0,
            "var": 20,
            "dist": 0
          },
          {
            "offset": 0.0,
            "avg": 255.0,
            "var": 50,
            "dist": 0
          },
          {
            "offset": 0.0,
            "avg": 200.0,
            "var": 50.0,
            "dist": 0
          }
        ],
        "PosOffset": [
          {
            "offset": 0.0,
            "avg": 0.0,
            "var": 0.5,
            "dist": 0
          },
          {
            "offset": 0.0,
            "avg": -0.5,
            "var": 0.0,
            "dist": 0
          },
          {
            "offset": 0.0,
            "avg": 0.0,
            "var": 0.5,
            "dist": 0
          }
        ],
        "RandomVelocityChange": false,
        "DieOnRainHeightmap": false,
        "SecondaryParticles": null,
        "DeathParticles": null,
        "SecondarySpawnInterval": {
          "offset": 0.0,
          "avg": 0.0,
          "var": 0.0,
          "dist": 0
        },
        "Bounciness": 0.0,
        "DieInAir": false,
        "DieInLiquid": false,
        "SwimOnLiquid": false,
        "ColorByBlock": false,
        "OpacityEvolve": {
          "transform": 5,
          "factor": -16.0,
          "maxvalue": null
        },
        "RedEvolve": null,
        "GreenEvolve": null,
        "BlueEvolve": null,
        "GravityEffect": {
          "offset": 0.0,
          "avg": -0.03,
          "var": 0.01,
          "dist": 0
        },
        "LifeLength": {
          "offset": 0.0,
          "avg": 1.0,
          "var": 0.0,
          "dist": 0
        },
        "Quantity": {
          "offset": 0.0,
          "avg": 0.1,
          "var": 0.05,
          "dist": 0
        },
        "Size": {
          "offset": 0.0,
          "avg": 0.4,
          "var": 0.1,
          "dist": 0
        },
        "SizeEvolve": {
          "transform": 5,
          "factor": 1.2,
          "maxvalue": null
        },
        "Velocity": [
          {
            "offset": 0.0,
            "avg": 0.0,
            "var": 0.0,
            "dist": 0
          },
          {
            "offset": 0.0,
            "avg": 0.0,
            "var": 0.2,
            "dist": 0
          },
          {
            "offset": 0.0,
            "avg": 0.0,
            "var": 0.5,
            "dist": 0
          }
        ],
        "VelocityEvolve": null,
        "ParticleModel": 0,
        "VertexFlags": 0,
        "SelfPropelled": false,
        "TerrainCollision": false,
        "WindAffectednes": 1.0
      },
      {
        "HsvaColor": [
          {
            "offset": 0.0,
            "avg": 17.0,
            "var": 0.0,
            "dist": 0
          },
          {
            "offset": 0.0,
            "avg": 255.0,
            "var": 0.0,
            "dist": 0
          },
          {
            "offset": 0.0,
            "avg": 36.0,
            "var": 0.0,
            "dist": 0
          },
          {
            "offset": 0.0,
            "avg": 200.0,
            "var": 50.0,
            "dist": 0
          }
        ],
        "PosOffset": [
          {
            "offset": 0.0,
            "avg": 0.0,
            "var": 0.5,
            "dist": 0
          },
          {
            "offset": 0.0,
            "avg": -0.5,
            "var": 0.0,
            "dist": 0
          },
          {
            "offset": 0.0,
            "avg": 0.0,
            "var": 0.5,
            "dist": 0
          }
        ],
        "RandomVelocityChange": false,
        "DieOnRainHeightmap": false,
        "SecondaryParticles": null,
        "DeathParticles": null,
        "SecondarySpawnInterval": {
          "offset": 0.0,
          "avg": 0.0,
          "var": 0.0,
          "dist": 0
        },
        "Bounciness": 0.0,
        "DieInAir": false,
        "DieInLiquid": false,
        "SwimOnLiquid": false,
        "ColorByBlock": false,
        "OpacityEvolve": {
          "transform": 5,
          "factor": -16.0,
          "maxvalue": null
        },
        "RedEvolve": null,
        "GreenEvolve": null,
        "BlueEvolve": null,
        "GravityEffect": {
          "offset": 0.0,
          "avg": -0.06,
          "var": 0.01,
          "dist": 0
        },
        "LifeLength": {
          "offset": 0.0,
          "avg": 1.0,
          "var": 0.0,
          "dist": 0
        },
        "Quantity": {
          "offset": 0.0,
          "avg": 0.1,
          "var": 0.05,
          "dist": 0
        },
        "Size": {
          "offset": 0.0,
          "avg": 0.4,
          "var": 0.1,
          "dist": 0
        },
        "SizeEvolve": {
          "transform": 5,
          "factor": 1.2,
          "maxvalue": null
        },
        "Velocity": [
          {
            "offset": 0.0,
            "avg": 0.0,
            "var": 0.0,
            "dist": 0
          },
          {
            "offset": 0.0,
            "avg": 0.0,
            "var": 0.2,
            "dist": 0
          },
          {
            "offset": 0.0,
            "avg": 0.0,
            "var": 0.5,
            "dist": 0
          }
        ],
        "VelocityEvolve": null,
        "ParticleModel": 0,
        "VertexFlags": 0,
        "SelfPropelled": false,
        "TerrainCollision": false,
        "WindAffectednes": 1.0
      }
    ],
    "Clay fire": [
      {
        "HsvaColor": [
          {
            "offset": 0.0,
            "avg": 20,
            "var": 20,
            "dist": 0
          },
          {
            "offset": 0.0,
            "avg": 255.0,
            "var": 20,
            "dist": 0
          },
          {
            "offset": 0.0,
            "avg": 255.0,
            "var": 50,
            "dist": 0
          },
          {
            "offset": 0.0,
            "avg": 200.0,
            "var": 50.0,
            "dist": 0
          }
        ],
        "PosOffset": [
          {
            "offset": 0.0,
            "avg": 0.0,
            "var": 0.5,
            "dist": 0
          },
          {
            "offset": 0.0,
            "avg": -0.5,
            "var": 0.0,
            "dist": 0
          },
          {
            "offset": 0.0,
            "avg": 0.0,
            "var": 0.5,
            "dist": 0
          }
        ],
        "RandomVelocityChange": false,
        "DieOnRainHeightmap": false,
        "SecondaryParticles": null,
        "DeathParticles": null,
        "SecondarySpawnInterval": {
          "offset": 0.0,
          "avg": 0.0,
          "var": 0.0,
          "dist": 0
        },
        "Bounciness": 0.0,
        "DieInAir": false,
        "DieInLiquid": false,
        "SwimOnLiquid": false,
        "ColorByBlock": false,
        "OpacityEvolve": {
          "transform": 5,
          "factor": -16.0,
          "maxvalue": null
        },
        "RedEvolve": null,
        "GreenEvolve": null,
        "BlueEvolve": null,
        "GravityEffect": {
          "offset": 0.0,
          "avg": -0.03,
          "var": 0.01,
          "dist": 0
        },
        "LifeLength": {
          "offset": 0.0,
          "avg": 1.0,
          "var": 0.0,
          "dist": 0
        },
        "Quantity": {
          "offset": 0.0,
          "avg": 0.1,
          "var": 0.05,
          "dist": 0
        },
        "Size": {
          "offset": 0.0,
          "avg": 0.4,
          "var": 0.1,
          "dist": 0
        },
        "SizeEvolve": {
          "transform": 5,
          "factor": 1.2,
          "maxvalue": null
        },
        "Velocity": [
          {
            "offset": 0.0,
            "avg": 0.0,
            "var": 0.0,
            "dist": 0
          },
          {
            "offset": 0.0,
            "avg": 0.0,
            "var": 0.2,
            "dist": 0
          },
          {
            "offset": 0.0,
            "avg": 0.0,
            "var": 0.5,
            "dist": 0
          }
        ],
        "VelocityEvolve": null,
        "ParticleModel": 0,
        "VertexFlags": 0,
        "SelfPropelled": false,
        "TerrainCollision": false,
        "WindAffectednes": 1.0
      },
      {
        "HsvaColor": [
          {
            "offset": 0.0,
            "avg": 17.0,
            "var": 0.0,
            "dist": 0
          },
          {
            "offset": 0.0,
            "avg": 255.0,
            "var": 0.0,
            "dist": 0
          },
          {
            "offset": 0.0,
            "avg": 36.0,
            "var": 0.0,
            "dist": 0
          },
          {
            "offset": 0.0,
            "avg": 200.0,
            "var": 50.0,
            "dist": 0
          }
        ],
        "PosOffset": [
          {
            "offset": 0.0,
            "avg": 0.0,
            "var": 0.5,
            "dist": 0
          },
          {
            "offset": 0.0,
            "avg": -0.5,
            "var": 0.0,
            "dist": 0
          },
          {
            "offset": 0.0,
            "avg": 0.0,
            "var": 0.5,
            "dist": 0
          }
        ],
        "RandomVelocityChange": false,
        "DieOnRainHeightmap": false,
        "SecondaryParticles": null,
        "DeathParticles": null,
        "SecondarySpawnInterval": {
          "offset": 0.0,
          "avg": 0.0,
          "var": 0.0,
          "dist": 0
        },
        "Bounciness": 0.0,
        "DieInAir": false,
        "DieInLiquid": false,
        "SwimOnLiquid": false,
        "ColorByBlock": false,
        "OpacityEvolve": {
          "transform": 5,
          "factor": -16.0,
          "maxvalue": null
        },
        "RedEvolve": null,
        "GreenEvolve": null,
        "BlueEvolve": null,
        "GravityEffect": {
          "offset": 0.0,
          "avg": -0.06,
          "var": 0.01,
          "dist": 0
        },
        "LifeLength": {
          "offset": 0.0,
          "avg": 1.0,
          "var": 0.0,
          "dist": 0
        },
        "Quantity": {
          "offset": 0.0,
          "avg": 0.1,
          "var": 0.05,
          "dist": 0
        },
        "Size": {
          "offset": 0.0,
          "avg": 0.4,
          "var": 0.1,
          "dist": 0
        },
        "SizeEvolve": {
          "transform": 5,
          "factor": 1.2,
          "maxvalue": null
        },
        "Velocity": [
          {
            "offset": 0.0,
            "avg": 0.0,
            "var": 0.0,
            "dist": 0
          },
          {
            "offset": 0.0,
            "avg": 0.0,
            "var": 0.2,
            "dist": 0
          },
          {
            "offset": 0.0,
            "avg": 0.0,
            "var": 0.5,
            "dist": 0
          }
        ],
        "VelocityEvolve": null,
        "ParticleModel": 0,
        "VertexFlags": 0,
        "SelfPropelled": false,
        "TerrainCollision": false,
        "WindAffectednes": 1.0
      }
    ],
    "Soil Smoke": [
      {
        "HsvaColor": [
          {
            "offset": 0.0,
            "avg": 17.0,
            "var": 0.0,
            "dist": 0
          },
          {
            "offset": 0.0,
            "avg": 255.0,
            "var": 0.0,
            "dist": 0
          },
          {
            "offset": 0.0,
            "avg": 36.0,
            "var": 0.0,
            "dist": 0
          },
          {
            "offset": 0.0,
            "avg": 200.0,
            "var": 50.0,
            "dist": 0
          }
        ],
        "PosOffset": [
          {
            "offset": 0.0,
            "avg": 0.0,
            "var": 0.5,
            "dist": 0
          },
          {
            "offset": 0.0,
            "avg": -0.5,
            "var": 0.0,
            "dist": 0
          },
          {
            "offset": 0.0,
            "avg": 0.0,
            "var": 0.5,
            "dist": 0
          }
        ],
        "RandomVelocityChange": false,
        "DieOnRainHeightmap": false,
        "SecondaryParticles": null,
        "DeathParticles": null,
        "SecondarySpawnInterval": {
          "offset": 0.0,
          "avg": 0.0,
          "var": 0.0,
          "dist": 0
        },
        "Bounciness": 0.0,
        "DieInAir": false,
        "DieInLiquid": false,
        "SwimOnLiquid": false,
        "ColorByBlock": false,
        "OpacityEvolve": {
          "transform": 5,
          "factor": -16.0,
          "maxvalue": null
        },
        "RedEvolve": null,
        "GreenEvolve": null,
        "BlueEvolve": null,
        "GravityEffect": {
          "offset": 0.0,
          "avg": -0.06,
          "var": 0.01,
          "dist": 0
        },
        "LifeLength": {
          "offset": 0.0,
          "avg": 1.0,
          "var": 0.0,
          "dist": 0
        },
        "Quantity": {
          "offset": 0.0,
          "avg": 0.1,
          "var": 0.05,
          "dist": 0
        },
        "Size": {
          "offset": 0.0,
          "avg": 0.4,
          "var": 0.1,
          "dist": 0
        },
        "SizeEvolve": {
          "transform": 5,
          "factor": 1.2,
          "maxvalue": null
        },
        "Velocity": [
          {
            "offset": 0.0,
            "avg": 0.0,
            "var": 0.0,
            "dist": 0
          },
          {
            "offset": 0.0,
            "avg": 0.0,
            "var": 0.2,
            "dist": 0
          },
          {
            "offset": 0.0,
            "avg": 0.0,
            "var": 0.5,
            "dist": 0
          }
        ],
        "VelocityEvolve": null,
        "ParticleModel": 0,
        "VertexFlags": 0,
        "SelfPropelled": false,
        "TerrainCollision": false,
        "WindAffectednes": 1.0
      },
      {
        "HsvaColor": [
          {
            "offset": 0.0,
            "avg": 10.0,
            "var": 0.0,
            "dist": 0
          },
          {
            "offset": 0.0,
            "avg": 167,
            "var": 0.0,
            "dist": 0
          },
          {
            "offset": 0.0,
            "avg": 67,
            "var": 0.0,
            "dist": 0
          },
          {
            "offset": 0.0,
            "avg": 200.0,
            "var": 50.0,
            "dist": 0
          }
        ],
        "PosOffset": [
          {
            "offset": 0.0,
            "avg": 0.0,
            "var": 0.5,
            "dist": 0
          },
          {
            "offset": 0.0,
            "avg": -0.5,
            "var": 0.0,
            "dist": 0
          },
          {
            "offset": 0.0,
            "avg": 0.0,
            "var": 0.5,
            "dist": 0
          }
        ],
        "RandomVelocityChange": false,
        "DieOnRainHeightmap": false,
        "SecondarySpawnInterval": {
          "offset": 0.0,
          "avg": 0.0,
          "var": 0.0,
          "dist": 0
        },
        "Bounciness": 0.0,
        "DieInAir": false,
        "DieInLiquid": false,
        "SwimOnLiquid": false,
        "ColorByBlock": false,
        "OpacityEvolve": {
          "transform": 5,
          "factor": -16.0
        },
        "GravityEffect": {
          "offset": 0.0,
          "avg": 0.0,
          "var": 0.0,
          "dist": 0
        },
        "LifeLength": {
          "offset": 0.0,
          "avg": 1.0,
          "var": 0.0,
          "dist": 0
        },
        "Quantity": {
          "offset": 0.0,
          "avg": 0.5,
          "var": 0.0,
          "dist": 0
        },
        "Size": {
          "offset": 0.0,
          "avg": 0.8,
          "var": 0.2,
          "dist": 0
        },
        "SizeEvolve": {
          "transform": 1,
          "factor": 0.5
        },
        "Velocity": [
          {
            "offset": 0.0,
            "avg": 0.0,
            "var": 0.025,
            "dist": 0
          },
          {
            "offset": 0.0,
            "avg": 0.15,
            "var": 0.1,
            "dist": 0
          },
          {
            "offset": 0.0,
            "avg": 0.0,
            "var": 0.25,
            "dist": 0
          }
        ],
        "ParticleModel": 0,
        "VertexFlags": 0,
        "SelfPropelled": false,
        "TerrainCollision": false,
        "WindAffectednes": 0.7
      }
    ],
    "Soil high": [
      {
        "HsvaColor": [
          {
            "offset": 0.0,
            "avg": 10,
            "var": 0.0,
            "dist": 0
          },
          {
            "offset": 0.0,
            "avg": 167,
            "var": 0.0,
            "dist": 0
          },
          {
            "offset": 0.0,
            "avg": 67,
            "var": 0.0,
            "dist": 0
          },
          {
            "offset": 0.0,
            "avg": 200.0,
            "var": 50.0,
            "dist": 0
          }
        ],
        "PosOffset": [
          {
            "offset": 0.0,
            "avg": 0.0,
            "var": 0.5,
            "dist": 0
          },
          {
            "offset": 0.0,
            "avg": -0.5,
            "var": 0.0,
            "dist": 0
          },
          {
            "offset": 0.0,
            "avg": 0.0,
            "var": 0.5,
            "dist": 0
          }
        ],
        "RandomVelocityChange": false,
        "DieOnRainHeightmap": false,
        "SecondaryParticles": null,
        "DeathParticles": null,
        "SecondarySpawnInterval": {
          "offset": 0.0,
          "avg": 0.0,
          "var": 0.0,
          "dist": 0
        },
        "Bounciness": 0.0,
        "DieInAir": false,
        "DieInLiquid": false,
        "SwimOnLiquid": false,
        "ColorByBlock": true,
        "OpacityEvolve": {
          "transform": 5,
          "factor": -16.0
        },
        "GravityEffect": {
          "offset": 0.0,
          "avg": -0.02,
          "var": 0.01,
          "dist": 0
        },
        "LifeLength": {
          "offset": 0.0,
          "avg": 1.0,
          "var": 0.0,
          "dist": 0
        },
        "Quantity": {
          "offset": 0.0,
          "avg": 0.5,
          "var": 0.0,
          "dist": 0
        },
        "Size": {
          "offset": 0.0,
          "avg": 0.8,
          "var": 0.2,
          "dist": 0
        },
        "SizeEvolve": {
          "transform": 1,
          "factor": 0.5
        },
        "Velocity": [
          {
            "offset": 0.0,
            "avg": 0.0,
            "var": 0.025,
            "dist": 0
          },
          {
            "offset": 0.0,
            "avg": 0.15,
            "var": 0.1,
            "dist": 0
          },
          {
            "offset": 0.0,
            "avg": 0.0,
            "var": 0.25,
            "dist": 0
          }
        ],
        "ParticleModel": 0,
        "VertexFlags": 0,
        "SelfPropelled": false,
        "TerrainCollision": false,
        "WindAffectednes": 0.7
      }
    ],
    "Meteorite smoke": [
      {
        "HsvaColor": [
          {
            "offset": 0.0,
            "avg": 24.0,
            "var": 15.0,
            "dist": 0
          },
          {
            "offset": 0.0,
            "avg": 177.0,
            "var": 0.0,
            "dist": 0
          },
          {
            "offset": 0.0,
            "avg": 255.0,
            "var": 0.0,
            "dist": 0
          },
          {
            "offset": 0.0,
            "avg": 255.0,
            "var": 100.0,
            "dist": 0
          }
        ],
        "PosOffset": [
          {
            "offset": 0.0,
            "avg": 0.0,
            "var": 0.5,
            "dist": 0
          },
          {
            "offset": 0.0,
            "avg": 0.0,
            "var": 2.0,
            "dist": 0
          },
          {
            "offset": 0.0,
            "avg": 0.0,
            "var": 0.5,
            "dist": 0
          }
        ],
        "RandomVelocityChange": false,
        "DieOnRainHeightmap": false,
        "SecondaryParticles": null,
        "DeathParticles": null,
        "SecondarySpawnInterval": {
          "offset": 0.0,
          "avg": 0.0,
          "var": 0.0,
          "dist": 0
        },
        "Bounciness": 0.0,
        "DieInAir": false,
        "DieInLiquid": false,
        "SwimOnLiquid": false,
        "ColorByBlock": false,
        "OpacityEvolve": {
          "transform": 5,
          "factor": -30.0,
          "maxvalue": null
        },
        "RedEvolve": null,
        "GreenEvolve": null,
        "BlueEvolve": null,
        "GravityEffect": {
          "offset": 0.0,
          "avg": 0.0,
          "var": 0.0,
          "dist": 0
        },
        "LifeLength": {
          "offset": 0.0,
          "avg": 0.25,
          "var": 1.0,
          "dist": 0
        },
        "Quantity": {
          "offset": 0.0,
          "avg": 1.0,
          "var": 1.0,
          "dist": 0
        },
        "Size": {
          "offset": 0.0,
          "avg": 0.5,
          "var": 0.2,
          "dist": 0
        },
        "SizeEvolve": {
          "transform": 0,
          "factor": 0.0,
          "maxvalue": null
        },
        "Velocity": [
          {
            "offset": 0.0,
            "avg": 0.0,
            "var": 0.5,
            "dist": 0
          },
          {
            "offset": 0.0,
            "avg": 10.0,
            "var": 5.0,
            "dist": 0
          },
          {
            "offset": 0.0,
            "avg": 0.0,
            "var": 0.5,
            "dist": 0
          }
        ],
        "VelocityEvolve": null,
        "ParticleModel": 0,
        "VertexFlags": 129,
        "SelfPropelled": false,
        "TerrainCollision": false,
        "WindAffectednes": 0.0
      }
    ],
    "Meteorite Sparks": [
      {
        "HsvaColor": [
          {
            "offset": 0.0,
            "avg": 24.0,
            "var": 15.0,
            "dist": 0
          },
          {
            "offset": 0.0,
            "avg": 177.0,
            "var": 0.0,
            "dist": 0
          },
          {
            "offset": 0.0,
            "avg": 255.0,
            "var": 0.0,
            "dist": 0
          },
          {
            "offset": 0.0,
            "avg": 255.0,
            "var": 100.0,
            "dist": 0
          }
        ],
        "PosOffset": [
          {
            "offset": 0.0,
            "avg": 0.0,
            "var": 0.5,
            "dist": 0
          },
          {
            "offset": 0.0,
            "avg": 0.0,
            "var": 0.5,
            "dist": 0
          },
          {
            "offset": 0.0,
            "avg": 0.0,
            "var": 0.5,
            "dist": 0
          }
        ],
        "RandomVelocityChange": false,
        "DieOnRainHeightmap": false,
        "SecondarySpawnInterval": {
          "offset": 0.0,
          "avg": 0.0,
          "var": 0.0,
          "dist": 0
        },
        "Bounciness": 0.0,
        "DieInAir": false,
        "DieInLiquid": false,
        "SwimOnLiquid": false,
        "ColorByBlock": false,
        "OpacityEvolve": {
          "transform": 5,
          "factor": -30.0
        },
        "GravityEffect": {
          "offset": 0.0,
          "avg": 0.5,
          "var": 0.0,
          "dist": 0
        },
        "LifeLength": {
          "offset": 0.0,
          "avg": 0.25,
          "var": 1.0,
          "dist": 0
        },
        "Quantity": {
          "offset": 0.0,
          "avg": 1.0,
          "var": 1.0,
          "dist": 0
        },
        "Size": {
          "offset": 0.0,
          "avg": 0.5,
          "var": 0.2,
          "dist": 0
        },
        "SizeEvolve": {
          "transform": 0,
          "factor": 0.0
        },
        "Velocity": [
          {
            "offset": 0.0,
            "avg": 0.0,
            "var": 0.5,
            "dist": 0
          },
          {
            "offset": 0.0,
            "avg": 5.0,
            "var": 5.0,
            "dist": 0
          },
          {
            "offset": 0.0,
            "avg": 0.0,
            "var": 0.5,
            "dist": 0
          }
        ],
        "ParticleModel": 0,
        "VertexFlags": 127,
        "SelfPropelled": false,
        "TerrainCollision": false,
        "WindAffectednes": 1.0
      }
    ],
    "Menas Smoke blue": [
      {
        "HsvaColor": [
          {
            "offset": 0.0,
            "avg": 165.0,
            "var": 15.0,
            "dist": 0
          },
          {
            "offset": 0.0,
            "avg": 128.0,
            "var": 15.0,
            "dist": 0
          },
          {
            "offset": 0.0,
            "avg": 255.0,
            "var": 15.0,
            "dist": 0
          },
          {
            "offset": 0.0,
            "avg": 255.0,
            "var": 100.0,
            "dist": 0
          }
        ],
        "PosOffset": [
          {
            "offset": 0.0,
            "avg": 0.0,
            "var": 0.5,
            "dist": 0
          },
          {
            "offset": 0.0,
            "avg": 0.0,
            "var": 2.0,
            "dist": 0
          },
          {
            "offset": 0.0,
            "avg": 0.0,
            "var": 0.5,
            "dist": 0
          }
        ],
        "RandomVelocityChange": false,
        "DieOnRainHeightmap": false,
        "SecondaryParticles": null,
        "DeathParticles": null,
        "SecondarySpawnInterval": {
          "offset": 0.0,
          "avg": 0.0,
          "var": 0.0,
          "dist": 0
        },
        "Bounciness": 0.0,
        "DieInAir": false,
        "DieInLiquid": false,
        "SwimOnLiquid": false,
        "ColorByBlock": false,
        "OpacityEvolve": {
          "transform": 5,
          "factor": -30.0,
          "maxvalue": null
        },
        "RedEvolve": null,
        "GreenEvolve": null,
        "BlueEvolve": null,
        "GravityEffect": {
          "offset": 0.0,
          "avg": 0.0,
          "var": 0.0,
          "dist": 0
        },
        "LifeLength": {
          "offset": 0.0,
          "avg": 0.25,
          "var": 1.0,
          "dist": 0
        },
        "Quantity": {
          "offset": 0.0,
          "avg": 1.0,
          "var": 1.0,
          "dist": 0
        },
        "Size": {
          "offset": 0.0,
          "avg": 0.5,
          "var": 0.2,
          "dist": 0
        },
        "SizeEvolve": {
          "transform": 0,
          "factor": 0.0,
          "maxvalue": null
        },
        "Velocity": [
          {
            "offset": 0.0,
            "avg": 0.0,
            "var": 0.5,
            "dist": 0
          },
          {
            "offset": 0.0,
            "avg": 10.0,
            "var": 5.0,
            "dist": 0
          },
          {
            "offset": 0.0,
            "avg": 0.0,
            "var": 0.5,
            "dist": 0
          }
        ],
        "VelocityEvolve": null,
        "ParticleModel": 0,
        "VertexFlags": 129,
        "SelfPropelled": false,
        "TerrainCollision": false,
        "WindAffectednes": 0.0
      }
    ],
    "Menas Smoke green": [
      {
        "HsvaColor": [
          {
            "offset": 0.0,
            "avg": 125.0,
            "var": 15.0,
            "dist": 0
          },
          {
            "offset": 0.0,
            "avg": 128.0,
            "var": 15.0,
            "dist": 0
          },
          {
            "offset": 0.0,
            "avg": 255.0,
            "var": 15.0,
            "dist": 0
          },
          {
            "offset": 0.0,
            "avg": 255.0,
            "var": 100.0,
            "dist": 0
          }
        ],
        "PosOffset": [
          {
            "offset": 0.0,
            "avg": 0.0,
            "var": 0.5,
            "dist": 0
          },
          {
            "offset": 0.0,
            "avg": 0.0,
            "var": 2.0,
            "dist": 0
          },
          {
            "offset": 0.0,
            "avg": 0.0,
            "var": 0.5,
            "dist": 0
          }
        ],
        "RandomVelocityChange": false,
        "DieOnRainHeightmap": false,
        "SecondaryParticles": null,
        "DeathParticles": null,
        "SecondarySpawnInterval": {
          "offset": 0.0,
          "avg": 0.0,
          "var": 0.0,
          "dist": 0
        },
        "Bounciness": 0.0,
        "DieInAir": false,
        "DieInLiquid": false,
        "SwimOnLiquid": false,
        "ColorByBlock": false,
        "OpacityEvolve": {
          "transform": 5,
          "factor": -30.0,
          "maxvalue": null
        },
        "RedEvolve": null,
        "GreenEvolve": null,
        "BlueEvolve": null,
        "GravityEffect": {
          "offset": 0.0,
          "avg": 0.0,
          "var": 0.0,
          "dist": 0
        },
        "LifeLength": {
          "offset": 0.0,
          "avg": 0.25,
          "var": 1.0,
          "dist": 0
        },
        "Quantity": {
          "offset": 0.0,
          "avg": 1.0,
          "var": 1.0,
          "dist": 0
        },
        "Size": {
          "offset": 0.0,
          "avg": 0.5,
          "var": 0.2,
          "dist": 0
        },
        "SizeEvolve": {
          "transform": 0,
          "factor": 0.0,
          "maxvalue": null
        },
        "Velocity": [
          {
            "offset": 0.0,
            "avg": 0.0,
            "var": 0.5,
            "dist": 0
          },
          {
            "offset": 0.0,
            "avg": 10.0,
            "var": 5.0,
            "dist": 0
          },
          {
            "offset": 0.0,
            "avg": 0.0,
            "var": 0.5,
            "dist": 0
          }
        ],
        "VelocityEvolve": null,
        "ParticleModel": 0,
        "VertexFlags": 129,
        "SelfPropelled": false,
        "TerrainCollision": false,
        "WindAffectednes": 0.0
      }
    ],
    "Brits Sparks blue": [
      {
        "HsvaColor": [
          {
            "offset": 0.0,
            "avg": 165.0,
            "var": 15.0,
            "dist": 0
          },
          {
            "offset": 0.0,
            "avg": 128.0,
            "var": 15.0,
            "dist": 0
          },
          {
            "offset": 0.0,
            "avg": 255.0,
            "var": 15.0,
            "dist": 0
          },
          {
            "offset": 0.0,
            "avg": 255.0,
            "var": 100.0,
            "dist": 0
          }
        ],
        "PosOffset": [
          {
            "offset": 0.0,
            "avg": 0.0,
            "var": 0.5,
            "dist": 0
          },
          {
            "offset": 0.0,
            "avg": 0.0,
            "var": 0.5,
            "dist": 0
          },
          {
            "offset": 0.0,
            "avg": 0.0,
            "var": 0.5,
            "dist": 0
          }
        ],
        "RandomVelocityChange": false,
        "DieOnRainHeightmap": false,
        "SecondarySpawnInterval": {
          "offset": 0.0,
          "avg": 0.0,
          "var": 0.0,
          "dist": 0
        },
        "Bounciness": 0.0,
        "DieInAir": false,
        "DieInLiquid": false,
        "SwimOnLiquid": false,
        "ColorByBlock": false,
        "OpacityEvolve": {
          "transform": 5,
          "factor": -30.0
        },
        "GravityEffect": {
          "offset": 0.0,
          "avg": 0.5,
          "var": 0.0,
          "dist": 0
        },
        "LifeLength": {
          "offset": 0.0,
          "avg": 0.25,
          "var": 1.0,
          "dist": 0
        },
        "Quantity": {
          "offset": 0.0,
          "avg": 1.0,
          "var": 1.0,
          "dist": 0
        },
        "Size": {
          "offset": 0.0,
          "avg": 0.5,
          "var": 0.2,
          "dist": 0
        },
        "SizeEvolve": {
          "transform": 0,
          "factor": 0.0
        },
        "Velocity": [
          {
            "offset": 0.0,
            "avg": 0.0,
            "var": 0.5,
            "dist": 0
          },
          {
            "offset": 0.0,
            "avg": 5.0,
            "var": 5.0,
            "dist": 0
          },
          {
            "offset": 0.0,
            "avg": 0.0,
            "var": 0.5,
            "dist": 0
          }
        ],
        "ParticleModel": 0,
        "VertexFlags": 127,
        "SelfPropelled": false,
        "TerrainCollision": false,
        "WindAffectednes": 1.0
      }
    ],
    "Brits Sparks green": [
      {
        "HsvaColor": [
          {
            "offset": 0.0,
            "avg": 125.0,
            "var": 15.0,
            "dist": 0
          },
          {
            "offset": 0.0,
            "avg": 128.0,
            "var": 15.0,
            "dist": 0
          },
          {
            "offset": 0.0,
            "avg": 255.0,
            "var": 15.0,
            "dist": 0
          },
          {
            "offset": 0.0,
            "avg": 255.0,
            "var": 100.0,
            "dist": 0
          }
        ],
        "PosOffset": [
          {
            "offset": 0.0,
            "avg": 0.0,
            "var": 0.5,
            "dist": 0
          },
          {
            "offset": 0.0,
            "avg": 0.0,
            "var": 0.5,
            "dist": 0
          },
          {
            "offset": 0.0,
            "avg": 0.0,
            "var": 0.5,
            "dist": 0
          }
        ],
        "RandomVelocityChange": false,
        "DieOnRainHeightmap": false,
        "SecondarySpawnInterval": {
          "offset": 0.0,
          "avg": 0.0,
          "var": 0.0,
          "dist": 0
        },
        "Bounciness": 0.0,
        "DieInAir": false,
        "DieInLiquid": false,
        "SwimOnLiquid": false,
        "ColorByBlock": false,
        "OpacityEvolve": {
          "transform": 5,
          "factor": -30.0
        },
        "GravityEffect": {
          "offset": 0.0,
          "avg": 0.5,
          "var": 0.0,
          "dist": 0
        },
        "LifeLength": {
          "offset": 0.0,
          "avg": 0.25,
          "var": 1.0,
          "dist": 0
        },
        "Quantity": {
          "offset": 0.0,
          "avg": 1.0,
          "var": 1.0,
          "dist": 0
        },
        "Size": {
          "offset": 0.0,
          "avg": 0.5,
          "var": 0.2,
          "dist": 0
        },
        "SizeEvolve": {
          "transform": 0,
          "factor": 0.0
        },
        "Velocity": [
          {
            "offset": 0.0,
            "avg": 0.0,
            "var": 0.5,
            "dist": 0
          },
          {
            "offset": 0.0,
            "avg": 5.0,
            "var": 5.0,
            "dist": 0
          },
          {
            "offset": 0.0,
            "avg": 0.0,
            "var": 0.5,
            "dist": 0
          }
        ],
        "ParticleModel": 0,
        "VertexFlags": 127,
        "SelfPropelled": false,
        "TerrainCollision": false,
        "WindAffectednes": 1.0
      }
    ],
    "Resin Drip": [
      {
        "HsvaColor": [
          {
            "offset": 0.0,
            "avg": 22.0,
            "var": 3.0,
            "dist": 0
          },
          {
            "offset": 0.0,
            "avg": 236.0,
            "var": 0.0,
            "dist": 0
          },
          {
            "offset": 0.0,
            "avg": 252.0,
            "var": 0.0,
            "dist": 0
          },
          {
            "offset": 0.0,
            "avg": 199.0,
            "var": 50.0,
            "dist": 0
          }
        ],
        "PosOffset": [
          {
            "offset": 0.0,
            "avg": 0.0,
            "var": 0.2,
            "dist": 0
          },
          {
            "offset": 0.0,
            "avg": -0.5,
            "var": 0.0,
            "dist": 0
          },
          {
            "offset": 0.0,
            "avg": 0.6,
            "var": 0.0,
            "dist": 0
          }
        ],
        "RandomVelocityChange": false,
        "DieOnRainHeightmap": false,
        "SecondaryParticles": null,
        "DeathParticles": null,
        "SecondarySpawnInterval": {
          "offset": 0.0,
          "avg": 0.0,
          "var": 0.0,
          "dist": 0
        },
        "Bounciness": 0.0,
        "DieInAir": false,
        "DieInLiquid": false,
        "SwimOnLiquid": false,
        "ColorByBlock": false,
        "OpacityEvolve": null,
        "RedEvolve": null,
        "GreenEvolve": null,
        "BlueEvolve": null,
        "GravityEffect": {
          "offset": 0.0,
          "avg": 0.5,
          "var": 0.0,
          "dist": 0
        },
        "LifeLength": {
          "offset": 0.0,
          "avg": 1.2,
          "var": 0.0,
          "dist": 0
        },
        "Quantity": {
          "offset": 0.0,
          "avg": 0.05,
          "var": 0.0,
          "dist": 0
        },
        "Size": {
          "offset": 0.0,
          "avg": 1.2,
          "var": 0.2,
          "dist": 0
        },
        "SizeEvolve": {
          "transform": 1,
          "factor": 1.0,
          "maxvalue": null
        },
        "Velocity": [
          {
            "offset": 0.0,
            "avg": 0.0,
            "var": 0.5,
            "dist": 0
          },
          {
            "offset": 0.0,
            "avg": 0.0,
            "var": 0.5,
            "dist": 0
          },
          {
            "offset": 0.0,
            "avg": 0.0,
            "var": 0.5,
            "dist": 0
          }
        ],
        "VelocityEvolve": null,
        "ParticleModel": 1,
        "VertexFlags": 8192,
        "SelfPropelled": false,
        "TerrainCollision": true,
        "WindAffectednes": 1.0
      },
      {
        "HsvaColor": [
          {
            "offset": 0.0,
            "avg": 22.0,
            "var": 3.0,
            "dist": 0
          },
          {
            "offset": 0.0,
            "avg": 236.0,
            "var": 0.0,
            "dist": 0
          },
          {
            "offset": 0.0,
            "avg": 252.0,
            "var": 0.0,
            "dist": 0
          },
          {
            "offset": 0.0,
            "avg": 199.0,
            "var": 50.0,
            "dist": 0
          }
        ],
        "PosOffset": [
          {
            "offset": 0.0,
            "avg": 0.0,
            "var": 0.2,
            "dist": 0
          },
          {
            "offset": 0.0,
            "avg": -0.5,
            "var": 0.0,
            "dist": 0
          },
          {
            "offset": 0.0,
            "avg": -0.6,
            "var": 0.0,
            "dist": 0
          }
        ],
        "RandomVelocityChange": false,
        "DieOnRainHeightmap": false,
        "SecondaryParticles": null,
        "DeathParticles": null,
        "SecondarySpawnInterval": {
          "offset": 0.0,
          "avg": 0.0,
          "var": 0.0,
          "dist": 0
        },
        "Bounciness": 0.0,
        "DieInAir": false,
        "DieInLiquid": false,
        "SwimOnLiquid": false,
        "ColorByBlock": false,
        "OpacityEvolve": null,
        "RedEvolve": null,
        "GreenEvolve": null,
        "BlueEvolve": null,
        "GravityEffect": {
          "offset": 0.0,
          "avg": 0.5,
          "var": 0.0,
          "dist": 0
        },
        "LifeLength": {
          "offset": 0.0,
          "avg": 1.2,
          "var": 0.0,
          "dist": 0
        },
        "Quantity": {
          "offset": 0.0,
          "avg": 0.05,
          "var": 0.0,
          "dist": 0
        },
        "Size": {
          "offset": 0.0,
          "avg": 1.2,
          "var": 0.2,
          "dist": 0
        },
        "SizeEvolve": {
          "transform": 1,
          "factor": 1.0,
          "maxvalue": null
        },
        "Velocity": [
          {
            "offset": 0.0,
            "avg": 0.0,
            "var": 0.5,
            "dist": 0
          },
          {
            "offset": 0.0,
            "avg": 0.0,
            "var": 0.5,
            "dist": 0
          },
          {
            "offset": 0.0,
            "avg": 0.0,
            "var": 0.5,
            "dist": 0
          }
        ],
        "VelocityEvolve": null,
        "ParticleModel": 1,
        "VertexFlags": 8192,
        "SelfPropelled": false,
        "TerrainCollision": true,
        "WindAffectednes": 1.0
      },
      {
        "HsvaColor": [
          {
            "offset": 0.0,
            "avg": 22.0,
            "var": 3.0,
            "dist": 0
          },
          {
            "offset": 0.0,
            "avg": 236.0,
            "var": 0.0,
            "dist": 0
          },
          {
            "offset": 0.0,
            "avg": 252.0,
            "var": 0.0,
            "dist": 0
          },
          {
            "offset": 0.0,
            "avg": 199.0,
            "var": 50.0,
            "dist": 0
          }
        ],
        "PosOffset": [
          {
            "offset": 0.0,
            "avg": -0.6,
            "var": 0.0,
            "dist": 0
          },
          {
            "offset": 0.0,
            "avg": -0.5,
            "var": 0.0,
            "dist": 0
          },
          {
            "offset": 0.0,
            "avg": 0.0,
            "var": 0.2,
            "dist": 0
          }
        ],
        "RandomVelocityChange": false,
        "DieOnRainHeightmap": false,
        "SecondaryParticles": null,
        "DeathParticles": null,
        "SecondarySpawnInterval": {
          "offset": 0.0,
          "avg": 0.0,
          "var": 0.0,
          "dist": 0
        },
        "Bounciness": 0.0,
        "DieInAir": false,
        "DieInLiquid": false,
        "SwimOnLiquid": false,
        "ColorByBlock": false,
        "OpacityEvolve": null,
        "RedEvolve": null,
        "GreenEvolve": null,
        "BlueEvolve": null,
        "GravityEffect": {
          "offset": 0.0,
          "avg": 0.5,
          "var": 0.0,
          "dist": 0
        },
        "LifeLength": {
          "offset": 0.0,
          "avg": 1.2,
          "var": 0.0,
          "dist": 0
        },
        "Quantity": {
          "offset": 0.0,
          "avg": 0.05,
          "var": 0.0,
          "dist": 0
        },
        "Size": {
          "offset": 0.0,
          "avg": 1.2,
          "var": 0.2,
          "dist": 0
        },
        "SizeEvolve": {
          "transform": 1,
          "factor": 1.0,
          "maxvalue": null
        },
        "Velocity": [
          {
            "offset": 0.0,
            "avg": 0.0,
            "var": 0.5,
            "dist": 0
          },
          {
            "offset": 0.0,
            "avg": 0.0,
            "var": 0.5,
            "dist": 0
          },
          {
            "offset": 0.0,
            "avg": 0.0,
            "var": 0.5,
            "dist": 0
          }
        ],
        "VelocityEvolve": null,
        "ParticleModel": 1,
        "VertexFlags": 8192,
        "SelfPropelled": false,
        "TerrainCollision": true,
        "WindAffectednes": 1.0
      },
      {
        "HsvaColor": [
          {
            "offset": 0.0,
            "avg": 22.0,
            "var": 3.0,
            "dist": 0
          },
          {
            "offset": 0.0,
            "avg": 236.0,
            "var": 0.0,
            "dist": 0
          },
          {
            "offset": 0.0,
            "avg": 252.0,
            "var": 0.0,
            "dist": 0
          },
          {
            "offset": 0.0,
            "avg": 199.0,
            "var": 50.0,
            "dist": 0
          }
        ],
        "PosOffset": [
          {
            "offset": 0.0,
            "avg": 0.6,
            "var": 0.0,
            "dist": 0
          },
          {
            "offset": 0.0,
            "avg": -0.5,
            "var": 0.0,
            "dist": 0
          },
          {
            "offset": 0.0,
            "avg": 0.0,
            "var": 0.2,
            "dist": 0
          }
        ],
        "RandomVelocityChange": false,
        "DieOnRainHeightmap": false,
        "SecondaryParticles": null,
        "DeathParticles": null,
        "SecondarySpawnInterval": {
          "offset": 0.0,
          "avg": 0.0,
          "var": 0.0,
          "dist": 0
        },
        "Bounciness": 0.0,
        "DieInAir": false,
        "DieInLiquid": false,
        "SwimOnLiquid": false,
        "ColorByBlock": false,
        "OpacityEvolve": null,
        "RedEvolve": null,
        "GreenEvolve": null,
        "BlueEvolve": null,
        "GravityEffect": {
          "offset": 0.0,
          "avg": 0.5,
          "var": 0.0,
          "dist": 0
        },
        "LifeLength": {
          "offset": 0.0,
          "avg": 1.2,
          "var": 0.0,
          "dist": 0
        },
        "Quantity": {
          "offset": 0.0,
          "avg": 0.05,
          "var": 0.0,
          "dist": 0
        },
        "Size": {
          "offset": 0.0,
          "avg": 1.2,
          "var": 0.2,
          "dist": 0
        },
        "SizeEvolve": {
          "transform": 1,
          "factor": 1.0,
          "maxvalue": null
        },
        "Velocity": [
          {
            "offset": 0.0,
            "avg": 0.0,
            "var": 0.5,
            "dist": 0
          },
          {
            "offset": 0.0,
            "avg": 0.0,
            "var": 0.5,
            "dist": 0
          },
          {
            "offset": 0.0,
            "avg": 0.0,
            "var": 0.5,
            "dist": 0
          }
        ],
        "VelocityEvolve": null,
        "ParticleModel": 1,
        "VertexFlags": 8192,
        "SelfPropelled": false,
        "TerrainCollision": true,
        "WindAffectednes": 1.0
      }
    ],
    "Resin Drip 2": [
      {
        "HsvaColor": [
          {
            "offset": 0.0,
            "avg": 22.0,
            "var": 3.0,
            "dist": 0
          },
          {
            "offset": 0.0,
            "avg": 236.0,
            "var": 0.0,
            "dist": 0
          },
          {
            "offset": 0.0,
            "avg": 252.0,
            "var": 0.0,
            "dist": 0
          },
          {
            "offset": 0.0,
            "avg": 199.0,
            "var": 50.0,
            "dist": 0
          }
        ],
        "PosOffset": [
          {
            "offset": 0.0,
            "avg": 0.0,
            "var": 0.2,
            "dist": 0
          },
          {
            "offset": 0.0,
            "avg": -0.5,
            "var": 0.0,
            "dist": 0
          },
          {
            "offset": 0.0,
            "avg": 0.6,
            "var": 0.0,
            "dist": 0
          }
        ],
        "RandomVelocityChange": false,
        "DieOnRainHeightmap": false,
        "SecondaryParticles": null,
        "DeathParticles": null,
        "SecondarySpawnInterval": {
          "offset": 0.0,
          "avg": 0.0,
          "var": 0.0,
          "dist": 0
        },
        "Bounciness": 0.0,
        "DieInAir": false,
        "DieInLiquid": false,
        "SwimOnLiquid": false,
        "ColorByBlock": false,
        "OpacityEvolve": null,
        "RedEvolve": null,
        "GreenEvolve": null,
        "BlueEvolve": null,
        "GravityEffect": {
          "offset": 0.0,
          "avg": 0.5,
          "var": 0.0,
          "dist": 0
        },
        "LifeLength": {
          "offset": 0.0,
          "avg": 1.2,
          "var": 0.0,
          "dist": 0
        },
        "Quantity": {
          "offset": 0.0,
          "avg": 0.05,
          "var": 0.0,
          "dist": 0
        },
        "Size": {
          "offset": 0.0,
          "avg": 1.2,
          "var": 0.2,
          "dist": 0
        },
        "SizeEvolve": {
          "transform": 1,
          "factor": 1.0,
          "maxvalue": null
        },
        "Velocity": [
          {
            "offset": 0.0,
            "avg": 0.0,
            "var": 0.5,
            "dist": 0
          },
          {
            "offset": 0.0,
            "avg": 0.0,
            "var": 0.5,
            "dist": 0
          },
          {
            "offset": 0.0,
            "avg": 0.0,
            "var": 0.5,
            "dist": 0
          }
        ],
        "VelocityEvolve": null,
        "ParticleModel": 1,
        "VertexFlags": 8192,
        "SelfPropelled": false,
        "TerrainCollision": true,
        "WindAffectednes": 0.01
      },
      {
        "HsvaColor": [
          {
            "offset": 0.0,
            "avg": 22.0,
            "var": 3.0,
            "dist": 0
          },
          {
            "offset": 0.0,
            "avg": 236.0,
            "var": 0.0,
            "dist": 0
          },
          {
            "offset": 0.0,
            "avg": 252.0,
            "var": 0.0,
            "dist": 0
          },
          {
            "offset": 0.0,
            "avg": 199.0,
            "var": 50.0,
            "dist": 0
          }
        ],
        "PosOffset": [
          {
            "offset": 0.0,
            "avg": 0.0,
            "var": 0.2,
            "dist": 0
          },
          {
            "offset": 0.0,
            "avg": -0.5,
            "var": 0.0,
            "dist": 0
          },
          {
            "offset": 0.0,
            "avg": -0.6,
            "var": 0.0,
            "dist": 0
          }
        ],
        "RandomVelocityChange": false,
        "DieOnRainHeightmap": false,
        "SecondaryParticles": null,
        "DeathParticles": null,
        "SecondarySpawnInterval": {
          "offset": 0.0,
          "avg": 0.0,
          "var": 0.0,
          "dist": 0
        },
        "Bounciness": 0.0,
        "DieInAir": false,
        "DieInLiquid": false,
        "SwimOnLiquid": false,
        "ColorByBlock": false,
        "OpacityEvolve": null,
        "RedEvolve": null,
        "GreenEvolve": null,
        "BlueEvolve": null,
        "GravityEffect": {
          "offset": 0.0,
          "avg": 0.5,
          "var": 0.0,
          "dist": 0
        },
        "LifeLength": {
          "offset": 0.0,
          "avg": 1.2,
          "var": 0.0,
          "dist": 0
        },
        "Quantity": {
          "offset": 0.0,
          "avg": 0.05,
          "var": 0.0,
          "dist": 0
        },
        "Size": {
          "offset": 0.0,
          "avg": 1.2,
          "var": 0.2,
          "dist": 0
        },
        "SizeEvolve": {
          "transform": 1,
          "factor": 1.0,
          "maxvalue": null
        },
        "Velocity": [
          {
            "offset": 0.0,
            "avg": 0.0,
            "var": 0.5,
            "dist": 0
          },
          {
            "offset": 0.0,
            "avg": 0.0,
            "var": 0.5,
            "dist": 0
          },
          {
            "offset": 0.0,
            "avg": 0.0,
            "var": 0.5,
            "dist": 0
          }
        ],
        "VelocityEvolve": null,
        "ParticleModel": 1,
        "VertexFlags": 8192,
        "SelfPropelled": false,
        "TerrainCollision": true,
        "WindAffectednes": 0.01
      },
      {
        "HsvaColor": [
          {
            "offset": 0.0,
            "avg": 22.0,
            "var": 3.0,
            "dist": 0
          },
          {
            "offset": 0.0,
            "avg": 236.0,
            "var": 0.0,
            "dist": 0
          },
          {
            "offset": 0.0,
            "avg": 252.0,
            "var": 0.0,
            "dist": 0
          },
          {
            "offset": 0.0,
            "avg": 199.0,
            "var": 50.0,
            "dist": 0
          }
        ],
        "PosOffset": [
          {
            "offset": 0.0,
            "avg": -0.6,
            "var": 0.0,
            "dist": 0
          },
          {
            "offset": 0.0,
            "avg": -0.5,
            "var": 0.0,
            "dist": 0
          },
          {
            "offset": 0.0,
            "avg": 0.0,
            "var": 0.2,
            "dist": 0
          }
        ],
        "RandomVelocityChange": false,
        "DieOnRainHeightmap": false,
        "SecondaryParticles": null,
        "DeathParticles": null,
        "SecondarySpawnInterval": {
          "offset": 0.0,
          "avg": 0.0,
          "var": 0.0,
          "dist": 0
        },
        "Bounciness": 0.0,
        "DieInAir": false,
        "DieInLiquid": false,
        "SwimOnLiquid": false,
        "ColorByBlock": false,
        "OpacityEvolve": null,
        "RedEvolve": null,
        "GreenEvolve": null,
        "BlueEvolve": null,
        "GravityEffect": {
          "offset": 0.0,
          "avg": 0.5,
          "var": 0.0,
          "dist": 0
        },
        "LifeLength": {
          "offset": 0.0,
          "avg": 1.2,
          "var": 0.0,
          "dist": 0
        },
        "Quantity": {
          "offset": 0.0,
          "avg": 0.05,
          "var": 0.0,
          "dist": 0
        },
        "Size": {
          "offset": 0.0,
          "avg": 1.2,
          "var": 0.2,
          "dist": 0
        },
        "SizeEvolve": {
          "transform": 1,
          "factor": 1.0,
          "maxvalue": null
        },
        "Velocity": [
          {
            "offset": 0.0,
            "avg": 0.0,
            "var": 0.5,
            "dist": 0
          },
          {
            "offset": 0.0,
            "avg": 0.0,
            "var": 0.5,
            "dist": 0
          },
          {
            "offset": 0.0,
            "avg": 0.0,
            "var": 0.5,
            "dist": 0
          }
        ],
        "VelocityEvolve": null,
        "ParticleModel": 1,
        "VertexFlags": 8192,
        "SelfPropelled": false,
        "TerrainCollision": true,
        "WindAffectednes": 0.01
      },
      {
        "HsvaColor": [
          {
            "offset": 0.0,
            "avg": 22.0,
            "var": 3.0,
            "dist": 0
          },
          {
            "offset": 0.0,
            "avg": 236.0,
            "var": 0.0,
            "dist": 0
          },
          {
            "offset": 0.0,
            "avg": 252.0,
            "var": 0.0,
            "dist": 0
          },
          {
            "offset": 0.0,
            "avg": 199.0,
            "var": 50.0,
            "dist": 0
          }
        ],
        "PosOffset": [
          {
            "offset": 0.0,
            "avg": 0.6,
            "var": 0.0,
            "dist": 0
          },
          {
            "offset": 0.0,
            "avg": -0.5,
            "var": 0.0,
            "dist": 0
          },
          {
            "offset": 0.0,
            "avg": 0.0,
            "var": 0.2,
            "dist": 0
          }
        ],
        "RandomVelocityChange": false,
        "DieOnRainHeightmap": false,
        "SecondaryParticles": null,
        "DeathParticles": null,
        "SecondarySpawnInterval": {
          "offset": 0.0,
          "avg": 0.0,
          "var": 0.0,
          "dist": 0
        },
        "Bounciness": 0.0,
        "DieInAir": false,
        "DieInLiquid": false,
        "SwimOnLiquid": false,
        "ColorByBlock": false,
        "OpacityEvolve": null,
        "RedEvolve": null,
        "GreenEvolve": null,
        "BlueEvolve": null,
        "GravityEffect": {
          "offset": 0.0,
          "avg": 0.5,
          "var": 0.0,
          "dist": 0
        },
        "LifeLength": {
          "offset": 0.0,
          "avg": 1.2,
          "var": 0.0,
          "dist": 0
        },
        "Quantity": {
          "offset": 0.0,
          "avg": 0.05,
          "var": 0.0,
          "dist": 0
        },
        "Size": {
          "offset": 0.0,
          "avg": 1.2,
          "var": 0.2,
          "dist": 0
        },
        "SizeEvolve": {
          "transform": 1,
          "factor": 1.0,
          "maxvalue": null
        },
        "Velocity": [
          {
            "offset": 0.0,
            "avg": 0.0,
            "var": 0.5,
            "dist": 0
          },
          {
            "offset": 0.0,
            "avg": 0.0,
            "var": 0.5,
            "dist": 0
          },
          {
            "offset": 0.0,
            "avg": 0.0,
            "var": 0.5,
            "dist": 0
          }
        ],
        "VelocityEvolve": null,
        "ParticleModel": 1,
        "VertexFlags": 8192,
        "SelfPropelled": false,
        "TerrainCollision": true,
        "WindAffectednes": 0.01
      }
    ],
    "Cursed Smoke": [
      {
        "HsvaColor": [
          {
            "offset": 0.0,
            "avg": 128.0,
            "var": 0.0,
            "dist": 0
          },
          {
            "offset": 0.0,
            "avg": 0.0,
            "var": 0.0,
            "dist": 0
          },
          {
            "offset": 0.0,
            "avg": 0.0,
            "var": 0.0,
            "dist": 0
          },
          {
            "offset": 0.0,
            "avg": 255.0,
            "var": 0.0,
            "dist": 0
          }
        ],
        "PosOffset": [
          {
            "offset": 0.0,
            "avg": 0.0,
            "var": 0.4,
            "dist": 0
          },
          {
            "offset": 0.0,
            "avg": 0.0,
            "var": 0.0,
            "dist": 0
          },
          {
            "offset": 0.0,
            "avg": 0.0,
            "var": 0.4,
            "dist": 0
          }
        ],
        "RandomVelocityChange": false,
        "DieOnRainHeightmap": false,
        "SecondaryParticles": null,
        "DeathParticles": null,
        "SecondarySpawnInterval": {
          "offset": 0.0,
          "avg": 0.0,
          "var": 0.0,
          "dist": 0
        },
        "Bounciness": 0.0,
        "DieInAir": false,
        "DieInLiquid": false,
        "SwimOnLiquid": false,
        "ColorByBlock": false,
        "OpacityEvolve": null,
        "RedEvolve": null,
        "GreenEvolve": null,
        "BlueEvolve": null,
        "GravityEffect": {
          "offset": 0.0,
          "avg": -0.4,
          "var": 0.0,
          "dist": 0
        },
        "LifeLength": {
          "offset": 0.0,
          "avg": 0.3,
          "var": 0.0,
          "dist": 0
        },
        "Quantity": {
          "offset": 0.0,
          "avg": 5.0,
          "var": 0.0,
          "dist": 0
        },
        "Size": {
          "offset": 0.0,
          "avg": 0.3,
          "var": 0.1,
          "dist": 0
        },
        "SizeEvolve": {
          "transform": 0,
          "factor": 0.0,
          "maxvalue": null
        },
        "Velocity": [
          {
            "offset": 0.0,
            "avg": 0.0,
            "var": 0.5,
            "dist": 0
          },
          {
            "offset": 0.0,
            "avg": 0.0,
            "var": 0.5,
            "dist": 0
          },
          {
            "offset": 0.0,
            "avg": 0.0,
            "var": 0.5,
            "dist": 0
          }
        ],
        "VelocityEvolve": null,
        "ParticleModel": 1,
        "VertexFlags": 0,
        "SelfPropelled": false,
        "TerrainCollision": false,
        "WindAffectednes": 0.0
      },
      {
        "HsvaColor": [
          {
            "offset": 0.0,
            "avg": 35.902527,
            "var": 0.0,
            "dist": 0
          },
          {
            "offset": 0.0,
            "avg": 255.0,
            "var": 0.0,
            "dist": 0
          },
          {
            "offset": 0.0,
            "avg": 255.0,
            "var": 0.0,
            "dist": 0
          },
          {
            "offset": 0.0,
            "avg": 255.0,
            "var": 0.0,
            "dist": 0
          }
        ],
        "PosOffset": [
          {
            "offset": 0.0,
            "avg": 0.0,
            "var": 0.4,
            "dist": 0
          },
          {
            "offset": 0.0,
            "avg": 0.0,
            "var": 0.0,
            "dist": 0
          },
          {
            "offset": 0.0,
            "avg": 0.0,
            "var": 0.4,
            "dist": 0
          }
        ],
        "RandomVelocityChange": false,
        "DieOnRainHeightmap": false,
        "SecondaryParticles": null,
        "DeathParticles": null,
        "SecondarySpawnInterval": {
          "offset": 0.0,
          "avg": 0.0,
          "var": 0.0,
          "dist": 0
        },
        "Bounciness": 0.0,
        "DieInAir": false,
        "DieInLiquid": false,
        "SwimOnLiquid": false,
        "ColorByBlock": false,
        "OpacityEvolve": null,
        "RedEvolve": null,
        "GreenEvolve": null,
        "BlueEvolve": null,
        "GravityEffect": {
          "offset": 0.0,
          "avg": -0.4,
          "var": 0.0,
          "dist": 0
        },
        "LifeLength": {
          "offset": 0.0,
          "avg": 0.3,
          "var": 0.0,
          "dist": 0
        },
        "Quantity": {
          "offset": 0.0,
          "avg": 0.5,
          "var": 0.0,
          "dist": 0
        },
        "Size": {
          "offset": 0.0,
          "avg": 0.3,
          "var": 0.1,
          "dist": 0
        },
        "SizeEvolve": {
          "transform": 0,
          "factor": 0.0,
          "maxvalue": null
        },
        "Velocity": [
          {
            "offset": 0.0,
            "avg": 0.0,
            "var": 0.5,
            "dist": 0
          },
          {
            "offset": 0.0,
            "avg": 0.0,
            "var": 0.5,
            "dist": 0
          },
          {
            "offset": 0.0,
            "avg": 0.0,
            "var": 0.5,
            "dist": 0
          }
        ],
        "VelocityEvolve": null,
        "ParticleModel": 1,
        "VertexFlags": 255,
        "SelfPropelled": false,
        "TerrainCollision": false,
        "WindAffectednes": 0.0
      }
    ]
  }
}